Year,College Name,Total Points Per Game,Total Points,Total Touchdowns,1st Downs,Total 1st downs,Rushing 1st downs,Passing 1st downs,1st downs by penalty,3rd down efficiency,3rd down %,4th down efficiency,4th down %,Passing,Comp-Att,Net Passing Yards,Yards Per Pass Attempt,Net Passing Yards Per Game,Passing Touchdowns,Interceptions,Sacks-Yards Lost,Rushing,Rushing Attempts,Rushing Yards,Yards Per Rush Attempt,Rushing Yards Per Game,Rushing Touchdowns,Offense,Total Offensive Plays,Total Yards,Yards Per Game,Returns,Kickoffs: Total,Average Kickoff Return Yards,Punt: Total,Average Punt Return Yards,INT: Total,Average Interception Yards,Kicking,Net Average Punt Yards,Punt: Total Yards,FG: Good-Attempts,Touchback Percentage,Penalties,Total-Yards,Avg. Per Game (YDS),Time of Possession,Possession Time Seconds,Miscellaneous,Fumbles-Lost,Turnover Ratio
2024,Abilene Christian Wildcats,26.0,286,35,,189,75,101,13,58-147,39.46,4-8,50.00,,,,,,,,,,,,,,,,,,,,26-524,20.2,12-76,6.3,12-133,11.1,,43.4,"60-2,606",14-14,72,,67-543,49,,28:54,,0,16
2024,Air Force Falcons,28.0,364,45,,255,189,43,23,78-168,46.43,17-25,68.00,,55-105,"1,105",10.5,85.0,7,6,11--52,,719,"3,660",5.1,281.5,36,,835,"4,765",366.5,,5-92,18.4,8-23,4.0,10-162,16.2,,39.2,"40-1,625",16-20,46,,39-322,24,,33:26,,21-11,-3
2024,Akron Zips,16.3,195,24,,200,85,97,18,57-171,33.33,8-23,34.78,,258-425,"2,371",5.6,197.6,10,15,46--351,,346,972,2.8,81.0,12,,817,"3,343",278.6,,36-632,17.6,17-110,6.5,6-191,31.8,,36.2,"65-2,437",9-16,25,,83-722,60,,29:33,,10-6,-10
2024,Alabama Crimson Tide,33.9,474,58,,277,138,123,16,82-182,45.06,5-7,71.43,,208-325,"3,086",9.5,220.4,23,6,49--360,,561,"2,417",4.3,172.6,32,,935,"5,503",393.1,,24-533,22.2,21-178,8.5,12-125,10.4,,42.5,"63-2,971",22-25,57,,78-655,46,,30:43,,19-5,8
2024,Alabama A&M Bulldogs,29.3,322,43,,225,96,107,22,61-150,40.67,10-25,40.00,,,,,,,,,,,,,,,,,,,,36-626,17.4,15-241,16.1,11-98,8.9,,40.5,"47-1,903",6-6,28,,74-572,52,,30:44,,0,25
2024,Alabama State Hornets,19.7,217,28,,154,70,75,9,44-138,31.88,9-23,39.13,,,,,,,,,,,,,,,,,,,,28-519,18.5,27-374,13.9,10-194,19.4,,37.5,"46-1,723",7-7,35,,70-536,48,,29:01,,0,21
2024,Alcorn State Braves,22.4,246,30,,195,72,109,14,51-142,35.92,8-12,66.67,,,,,,,,,,,,,,,,,,,,23-374,16.3,8-20,2.5,14-147,10.5,,35.7,"58-2,069",13-13,8,,72-692,62,,30:50,,0,22
2024,Appalachian State Mountaineers,33.4,467,59,,332,122,180,30,79-189,41.80,18-28,64.29,,300-472,"3,830",8.1,273.6,34,10,21--115,,534,"2,412",4.5,172.3,23,,1027,"6,242",445.9,,27-604,22.4,2-37,18.5,15-149,9.9,,37.5,"54-2,107",19-21,39,,61-567,40,,31:16,,29-12,3
2024,Arizona Wildcats,34.3,446,55,,299,106,174,19,80-163,49.08,10-15,66.67,,332-464,"4,008",8.6,308.3,36,11,26--169,,398,"1,816",4.6,139.7,17,,888,"5,824",448.0,,12-166,13.8,14-101,7.2,9-88,9.8,,35.3,"39-1,606",19-24,87,,82-689,53,,30:50,,7-3,5
2024,Arizona State Sun Devils,17.8,213,25,,226,90,110,26,53-173,30.64,18-38,47.37,,243-440,"2,524",5.7,210.3,8,14,30--166,,374,"1,343",3.6,111.9,17,,844,"3,867",322.3,,31-710,22.9,10-100,10.0,5-47,9.4,,35.2,"55-2,132",11-16,53,,68-617,51,,30:16,,12-6,-11
2024,Arkansas Razorbacks,26.8,321,37,,208,95,97,16,67-175,38.29,10-16,62.50,,207-323,"2,250",7.0,187.5,22,8,47--338,,472,"1,668",3.5,139.0,9,,842,"3,918",326.5,,23-500,21.7,15-180,12.0,12-235,19.6,,40.1,"59-2,770",20-24,84,,76-665,55,,30:43,,24-10,-1
2024,Arkansas State Red Wolves,27.1,352,43,,256,101,131,24,60-169,35.50,7-20,35.00,,208-370,"2,938",7.9,226.0,17,9,31--205,,459,"1,919",4.2,147.6,20,,860,"4,857",373.6,,30-761,25.4,17-164,9.6,8-194,24.3,,39.2,"61-2,680",17-22,16,,80-792,60,,26:17,,6-4,3
2024,Arkansas-Pine Bluff Golden Lions,15.2,167,23,,183,80,83,20,40-151,26.49,10-21,47.62,,,,,,,,,,,,,,,,,,,,49-969,19.8,13-109,8.4,4-23,5.8,,39.0,"77-3,001",2-3,23,,65-559,50,,29:18,,0,14
2024,Army Black Knights,20.5,246,30,,193,138,45,10,59-156,37.82,20-34,58.82,,83-164,"1,234",7.5,102.8,7,11,14--79,,574,"2,504",4.4,208.7,19,,752,"3,738",311.5,,12-223,18.6,9-149,16.6,9-180,20.0,,34.8,"44-1,617",12-15,73,,47-435,36,,32:32,,21-11,-3
2024,Auburn Tigers,26.2,340,43,,241,131,88,22,54-166,32.53,13-26,50.00,,189-317,"2,109",6.7,162.2,18,13,34--178,,513,"2,457",4.8,189.0,22,,864,"4,566",351.2,,33-708,21.5,25-250,10.0,12-179,14.9,,41.6,"62-2,775",13-13,51,,71-570,43,,29:03,,17-7,-2
2024,Austin Peay Governors,34.1,409,53,,245,104,114,27,58-164,35.37,13-23,56.52,,,,,,,,,,,,,,,,,,,,28-589,21.0,15-319,21.3,11-107,9.7,,41.2,"62-2,552",13-13,64,,76-691,57,,29:38,,0,15
2024,BYU Cougars,23.1,277,35,,201,70,113,18,45-156,28.85,13-26,50.00,,220-396,"2,465",6.2,205.4,17,9,19--139,,360,"1,252",3.5,104.3,15,,775,"3,717",309.8,,30-612,20.4,23-93,4.0,14-208,14.9,,41.1,"68-3,287",11-14,62,,64-516,43,,28:19,,20-10,1
2024,Ball State Cardinals,18.3,219,25,,216,112,84,20,63-168,37.50,10-18,55.56,,180-304,"1,639",5.4,136.6,9,9,26--174,,473,"2,058",4.4,171.5,15,,803,"3,697",308.1,,26-452,17.4,14-15,1.1,5-49,9.8,,36.0,"59-2,467",15-21,26,,62-542,45,,32:44,,14-7,-5
2024,Baylor Bears,23.1,277,32,,238,87,139,12,64-177,36.16,22-48,45.83,,263-442,"3,156",7.1,263.0,15,7,34--250,,413,"1,378",3.3,114.8,13,,889,"4,534",377.8,,42-996,23.7,13-201,15.5,7-14,2.0,,37.9,"37-1,592",18-25,29,,49-347,28,,31:42,,14-8,1
2024,Bethune-Cookman Wildcats,18.5,203,26,,176,80,69,27,50-163,30.68,13-19,68.42,,,,,,,,,,,,,,,,,,,,21-408,19.4,7-33,4.7,9-179,19.9,,39.3,"66-2,595",7-7,5,,49-389,35,,28:55,,0,16
2024,Boise State Broncos,32.1,450,54,,300,151,129,20,85-185,45.95,9-11,81.82,,216-372,"3,098",8.3,221.3,20,13,16--88,,560,"3,008",5.4,214.9,34,,948,"6,106",436.1,,26-502,19.3,8-27,3.4,11-76,6.9,,42.8,"56-2,759",24-26,47,,52-448,32,,31:11,,14-8,-2
2024,Boston College Eagles,24.8,323,42,,279,161,98,20,79-191,41.36,29-38,76.32,,204-361,"2,372",6.6,182.5,15,14,20--141,,547,"2,578",4.7,198.3,25,,928,"4,950",380.8,,20-311,15.6,12-112,9.3,8-45,5.6,,36.5,"53-2,010",11-14,27,,85-717,55,,31:27,,15-5,-2
2024,Bowling Green Falcons,25.6,333,42,,219,102,102,15,52-157,33.12,15-25,60.00,,213-357,"2,454",6.9,188.8,17,14,28--214,,429,"1,788",4.2,137.5,22,,814,"4,242",326.3,,23-462,20.1,18-148,8.2,17-282,16.6,,35.6,"50-1,955",13-18,15,,90-792,60,,30:32,,15-5,9
2024,Brown Bears,25.5,255,33,,237,67,150,20,70-161,43.48,14-25,56.00,,,,,,,,,,,,,,,,,,,,19-392,20.6,20-223,11.2,13-150,11.5,,37.8,"48-1,816",9-9,47,,36-355,35,,29:41,,0,16
2024,Bryant Bulldogs,36.5,401,45,,227,69,135,23,66-148,44.60,7-16,43.75,,,,,,,,,,,,,,,,,,,,37-708,19.1,9-70,7.8,11-105,9.5,,38.6,"43-1,658",9-9,22,,67-585,53,,30:56,,0,21
2024,Bucknell Bison,26.2,288,38,,232,69,139,24,69-166,41.57,7-17,41.18,,,,,,,,,,,,,,,,,,,,40-829,20.7,19-133,7.0,10-56,5.6,,36.7,"62-2,277",8-8,11,,66-575,52,,28:37,,0,13
2024,Buffalo Bulls,20.8,249,31,,206,90,100,16,63-184,34.24,15-41,36.59,,212-394,"2,223",5.6,185.3,14,11,17--86,,435,"1,603",3.7,133.6,15,,846,"3,826",318.8,,35-555,15.9,12-58,4.8,11-232,21.1,,38.9,"55-2,311",11-19,65,,58-499,41,,30:32,,12-8,0
2024,Butler Bulldogs,28.9,318,38,,216,111,84,21,55-140,39.29,16-26,61.54,,,,,,,,,,,,,,,,,,,,23-481,20.9,11-63,5.7,9-148,16.4,,37.5,"36-1,351",17-17,20,,46-419,38,,32:02,,0,14
2024,Cal Poly Mustangs,29.3,322,35,,214,47,148,19,42-142,29.58,11-22,50.00,,,,,,,,,,,,,,,,,,,,34-628,18.5,7-55,8.4,5-33,6.6,,37.5,"61-2,421",7-7,13,,52-439,39,,28:36,,0,10
2024,California Golden Bears,30.2,393,52,,278,113,132,33,74-191,38.74,17-32,53.13,,258-433,"2,836",6.6,218.2,22,16,24--195,,497,"2,245",4.5,172.7,26,,954,"5,081",390.8,,25-486,19.4,9-26,2.9,12-68,5.7,,38.5,"53-2,357",11-18,16,,72-583,44,,28:40,,23-12,-1
2024,Campbell Fighting Camels,28.7,316,43,,250,101,127,22,59-130,45.39,10-19,52.63,,,,,,,,,,,,,,,,,,,,41-744,18.1,9-106,11.8,8-50,6.3,,39.6,"39-1,544",5-5,40,,74-624,56,,28:03,,0,12
2024,Central Arkansas Bears,31.5,346,45,,230,94,114,22,52-154,33.77,13-22,59.09,,,,,,,,,,,,,,,,,,,,26-573,22.0,12-35,2.9,10-69,6.9,,42.0,"49-2,056",13-13,26,,86-835,75,,29:39,,0,17
2024,Central Connecticut Blue Devils,25.2,277,34,,206,100,87,19,48-142,33.80,7-15,46.67,,,,,,,,,,,,,,,,,,,,46-866,18.8,20-228,11.4,10-116,11.6,,39.1,"58-2,266",13-13,15,,75-657,59,,28:36,,0,15
2024,Central Michigan Chippewas,22.9,275,37,,227,110,90,27,57-167,34.13,16-23,69.57,,183-325,"2,216",6.8,184.7,15,11,26--168,,455,"1,913",4.2,159.4,21,,806,"4,129",344.1,,43-868,20.2,16-72,4.5,5-26,5.2,,38.3,"62-2,681",7-14,46,,80-697,58,,30:15,,15-4,-7
2024,Charleston Southern Buccaneers,16.0,176,21,,141,64,65,12,36-142,25.35,6-17,35.29,,,,,,,,,,,,,,,,,,,,22-415,18.9,21-189,9.0,10-107,10.7,,40.6,"71-2,886",10-11,34,,49-456,41,,27:46,,0,12
2024,Charlotte 49ers,17.5,210,25,,202,87,92,23,40-169,23.67,19-35,54.29,,186-328,"2,013",6.1,167.8,7,16,31--244,,464,"1,740",3.8,145.0,16,,823,"3,753",312.8,,29-619,21.3,24-227,9.5,11-107,9.7,,37.5,"61-2,717",11-19,46,,84-708,59,,32:17,,11-6,-5
2024,Chattanooga Mocs,27.5,357,41,,272,94,145,33,63-168,37.50,4-8,50.00,,,,,,,,,,,,,,,,,,,,22-457,20.8,13-92,7.1,10-186,18.6,,41.0,"62-2,543",23-24,39,,63-498,38,,32:26,,0,19
2024,Cincinnati Bearcats,24.1,289,35,,267,138,118,11,74-176,42.05,14-31,45.16,,218-360,"2,508",7.0,209.0,21,11,27--150,,517,"2,605",5.0,217.1,14,,904,"5,113",426.1,,15-249,16.6,15-52,3.5,8-100,12.5,,41.4,"45-1,935",15-19,43,,68-631,52,,31:58,,17-6,-4
2024,Clemson Tigers,29.8,388,49,,300,134,145,21,79-198,39.90,14-27,51.85,,302-474,"2,969",6.3,228.4,20,9,28--215,,524,"2,266",4.3,174.3,24,,1026,"5,235",402.7,,12-287,23.9,23-182,7.9,16-244,15.3,,39.9,"63-2,719",15-24,83,,64-554,42,,33:06,,22-13,6
2024,Coastal Carolina Chanticleers,27.7,360,44,,275,98,144,33,76-172,44.19,9-24,37.50,,273-410,"3,401",8.3,261.6,24,9,17--117,,465,"2,010",4.3,154.6,17,,892,"5,411",416.2,,30-482,16.1,14-69,0.9,14-283,20.2,,35.0,"40-1,579",17-25,64,,73-749,57,,31:50,,17-8,6
2024,Colgate Raiders,23.0,253,33,,211,87,101,23,63-167,37.73,12-23,52.17,,,,,,,,,,,,,,,,,,,,29-608,21.0,13-58,4.5,6-75,12.5,,39.8,"55-2,188",8-9,15,,63-565,51,,30:16,,0,16
2024,Colorado Buffaloes,28.0,336,42,,253,70,153,30,68-177,38.42,10-15,66.67,,323-474,"3,536",7.5,294.7,29,4,56--492,,358,827,2.3,68.9,12,,888,"4,363",363.6,,15-329,21.9,17-176,10.4,10-74,7.4,,40.6,"67-2,913",14-19,45,,107-854,71,,27:34,,12-7,9
2024,Colorado State Rams,26.1,313,38,,247,63,165,19,72-175,41.14,8-19,42.11,,311-501,"3,678",7.3,306.5,24,18,13--86,,332,"1,114",3.4,92.8,10,,846,"4,792",399.3,,26-580,22.3,13-150,11.5,9-74,8.2,,40.7,"53-2,288",15-19,66,,91-838,69,,26:34,,13-7,-6
2024,Columbia Lions,21.6,216,19,,160,82,69,9,53-153,34.64,11-26,42.31,,,,,,,,,,,,,,,,,,,,24-498,20.8,16-153,9.6,9-105,11.7,,42.2,"54-2,277",8-8,26,,47-373,37,,27:15,,0,15
2024,Cornell Big Red,18.2,182,20,,211,74,127,10,56-158,35.44,18-34,52.94,,,,,,,,,,,,,,,,,,,,21-376,17.9,14-126,9.0,8-93,11.6,,38.2,"40-1,527",14-15,28,,48-491,49,,34:24,,0,9
2024,Dartmouth Big Green,23.2,232,26,,179,87,80,12,58-150,38.67,11-17,64.71,,,,,,,,,,,,,,,,,,,,18-380,21.1,21-238,11.3,9-63,7.0,,36.2,"49-1,776",17-17,53,,50-493,49,,31:04,,0,15
2024,Davidson Wildcats,41.1,452,62,,252,160,73,19,60-137,43.80,21-35,60.00,,,,,,,,,,,,,,,,,,,,34-582,17.1,9-72,7.8,6-84,14.0,,34.3,"30-1,185",7-9,17,,55-519,47,,33:13,,0,13
2024,Dayton Flyers,24.9,274,36,,212,108,85,19,65-162,40.12,17-33,51.52,,,,,,,,,,,,,,,,,,,,32-663,20.7,11-65,5.9,9-174,19.3,,34.3,"44-1,508",7-10,22,,63-587,53,,31:01,,0,19
2024,Delaware Fightin' Blue Hens,31.5,410,56,,295,116,150,29,75-170,44.12,13-31,41.94,,,,,,,,,,,,,,,,,,,,40-962,24.1,10-154,23.4,13-249,19.2,,38.9,"42-1,634",8-9,27,,61-607,46,,29:36,,0,23
2024,Delaware State Hornets,18.0,198,25,,164,67,84,13,46-132,34.85,7-16,43.75,,,,,,,,,,,,,,,,,,,,44-834,19.0,8-170,21.3,3-25,8.3,,40.0,"51-2,042",8-10,19,,71-618,56,,28:49,,0,7
2024,Drake Bulldogs,19.8,238,28,,205,56,122,27,65-177,36.72,8-21,38.10,,,,,,,,,,,,,,,,,,,,29-601,20.7,19-146,7.4,4-29,7.3,,33.2,"62-2,248",16-16,22,,94-783,65,,30:19,,0,18
2024,Duke Blue Devils,31.4,408,42,,243,98,117,28,60-166,36.15,12-20,60.00,,200-357,"2,351",6.6,180.8,14,8,17--88,,448,"2,174",4.9,167.2,26,,822,"4,525",348.1,,16-338,21.1,16-149,9.8,10-53,5.3,,43.5,"55-2,547",18-23,41,,73-598,46,,28:59,,10-7,0
2024,Duquesne Dukes,27.1,325,44,,204,85,96,23,52-145,35.86,9-17,52.94,,,,,,,,,,,,,,,,,,,,31-574,18.5,19-67,3.4,9-131,14.6,,35.5,"53-1,881",7-7,3,,83-678,56,,29:32,,0,19
2024,East Carolina Pirates,17.5,210,22,,181,77,91,13,53-175,30.29,9-26,34.62,,208-388,"1,967",5.1,163.9,7,14,31--179,,385,"1,360",3.5,113.3,12,,804,"3,327",277.3,,20-319,16.0,14-103,7.4,6-73,12.2,,39.3,"67-2,770",18-25,39,,70-651,54,,28:59,,8-7,-5
2024,East Tennessee State Buccaneers,19.3,212,27,,154,81,56,17,35-140,25.00,9-15,60.00,,,,,,,,,,,,,,,,,,,,26-436,16.8,17-275,16.2,7-172,24.6,,43.4,"67-2,906",8-9,34,,68-656,59,,28:55,,0,14
2024,Eastern Illinois Panthers,23.6,260,35,,220,73,128,19,61-161,37.89,13-28,46.43,,,,,,,,,,,,,,,,,,,,29-486,16.8,7-50,7.1,14-145,10.4,,37.1,"56-2,077",7-8,17,,64-564,51,,31:30,,0,25
2024,Eastern Kentucky Colonels,29.5,324,38,,264,99,143,22,59-137,43.07,9-13,69.23,,,,,,,,,,,,,,,,,,,,31-640,20.6,5-3,0.6,9-59,6.6,,41.8,"43-1,796",19-19,43,,54-454,41,,30:43,,0,19
2024,Eastern Michigan Eagles,19.5,254,31,,207,91,89,27,63-180,35.00,10-19,52.63,,197-358,"1,976",5.5,152.0,10,12,32--219,,428,"1,457",3.4,112.1,18,,818,"3,433",264.1,,34-729,21.4,13-142,10.9,8-61,7.6,,41.3,"68-3,060",13-17,15,,80-762,58,,28:59,,13-6,1
2024,Eastern Washington Eagles,32.3,355,45,,262,111,133,18,75-175,42.86,19-29,65.52,,,,,,,,,,,,,,,,,,,,33-860,26.1,9-49,5.4,10-188,18.8,,41.3,"43-1,776",14-14,23,,50-450,40,,29:12,,0,15
2024,Elon Phoenix,24.6,271,34,,184,82,86,16,45-151,29.80,14-26,53.85,,,,,,,,,,,,,,,,,,,,35-740,21.1,19-148,7.8,10-109,10.9,,42.1,"55-2,317",12-12,14,,63-580,52,,30:07,,0,18
2024,Florida Gators,28.5,342,41,,259,97,143,19,55-150,36.67,9-22,40.91,,282-390,"3,111",8.0,259.3,20,5,39--260,,421,"1,794",4.3,149.5,21,,850,"4,905",408.8,,16-331,20.7,14-151,10.8,3-38,12.7,,43.3,"43-2,052",18-24,78,,79-595,49,,33:06,,14-7,-5
2024,Florida A&M Rattlers,31.4,408,54,,266,103,137,26,60-152,39.47,12-20,60.00,,,,,,,,,,,,,,,,,,,,28-542,19.4,26-365,13.6,17-197,11.6,,37.1,"51-2,157",11-11,36,,"111-1,008",77,,31:49,,0,23
2024,Florida Atlantic Owls,23.8,285,38,,215,76,116,23,57-168,33.93,13-34,38.24,,265-412,"2,586",6.3,215.5,19,15,30--212,,369,"1,383",3.7,115.3,16,,811,"3,969",330.8,,24-445,18.5,15-282,18.8,10-99,9.9,,38.1,"59-2,530",6-10,64,,41-400,33,,27:24,,12-2,1
2024,Florida International Panthers,20.3,243,31,,184,64,108,12,48-169,28.40,16-33,48.49,,220-383,"2,760",7.2,230.0,12,12,46--310,,380,"1,083",2.9,90.3,17,,809,"3,843",320.3,,27-480,17.8,13-108,8.3,6-118,19.7,,37.8,"72-2,820",9-12,38,,70-607,50,,27:16,,23-9,-9
2024,Florida State Seminoles,34.1,478,60,,274,96,151,27,66-182,36.26,10-21,47.62,,260-433,"3,519",8.1,251.4,25,4,25--197,,463,"2,102",4.5,150.1,32,,921,"5,621",401.5,,16-407,25.4,27-298,11.0,10-53,5.3,,43.3,"67-3,043",19-21,63,,85-792,56,,29:23,,17-5,8
2024,Fordham Rams,30.5,335,43,,260,99,141,20,65-151,43.05,14-24,58.33,,,,,,,,,,,,,,,,,,,,40-695,17.4,8-63,7.9,8-60,7.5,,40.7,"42-1,708",14-14,0,,86-713,64,,29:01,,0,14
2024,Fresno State Bulldogs,30.6,398,46,,272,79,174,19,90-187,48.13,9-14,64.29,,337-518,"3,669",7.1,282.2,29,12,30--234,,366,"1,372",3.7,105.5,16,,914,"5,041",387.8,,37-816,22.1,20-184,9.2,17-85,5.0,,38.4,"52-2,171",24-30,51,,58-522,40,,29:28,,6-2,9
2024,Furman Paladins,27.4,356,43,,251,112,120,19,80-198,40.40,8-19,42.11,,,,,,,,,,,,,,,,,,,,27-612,22.7,21-178,8.5,18-254,14.1,,40.0,"69-2,763",19-19,73,,63-563,43,,31:15,,0,27
2024,Gardner-Webb Runnin' Bulldogs,26.8,322,42,,213,98,98,17,59-196,30.10,27-42,64.29,,,,,,,,,,,,,,,,,,,,35-694,19.8,24-223,9.3,10-119,11.9,,38.2,"70-2,671",9-9,40,,64-620,51,,28:53,,0,16
2024,Georgetown Hoyas,25.9,285,37,,245,84,134,27,63-151,41.72,11-23,47.83,,,,,,,,,,,,,,,,,,,,35-635,18.1,18-188,10.4,10-164,16.4,,36.6,"41-1,499",9-9,6,,75-673,61,,34:31,,0,13
2024,Georgia Bulldogs,40.1,562,71,,362,148,192,22,90-166,54.22,9-12,75.00,,328-457,"4,274",9.4,305.3,29,7,13--83,,501,"2,677",5.3,191.2,40,,971,"6,951",496.5,,24-610,25.4,24-260,11.4,14-135,9.6,,42.6,"32-1,403",21-25,65,,62-601,42,,33:28,,17-7,3
2024,Georgia Southern Eagles,30.1,391,46,,300,95,180,25,85-185,45.95,13-22,59.09,,376-577,"3,929",6.8,302.2,26,20,34--211,,377,"1,524",4.0,117.2,16,,988,"5,453",419.5,,40-951,23.8,27-204,7.6,13-154,11.8,,35.4,"48-1,871",23-28,67,,76-673,51,,31:06,,20-11,-10
2024,Georgia State Panthers,27.2,354,47,,254,127,105,22,86-189,45.50,9-19,47.37,,249-367,"2,668",7.3,205.2,20,7,20--132,,513,"2,445",4.8,188.1,25,,900,"5,113",393.3,,22-371,16.9,10-34,3.4,11-146,13.3,,34.8,"62-2,528",9-13,55,,83-748,57,,29:39,,17-8,2
2024,Georgia Tech Yellow Jackets,31.1,404,51,,289,142,123,24,72-167,43.11,12-23,52.17,,231-379,"2,871",7.6,220.8,27,17,15--93,,492,"2,649",5.4,203.8,24,,886,"5,520",424.6,,23-510,22.2,12-121,7.6,14-156,11.1,,38.7,"46-1,967",17-22,62,,67-582,44,,28:39,,10-4,4
2024,Grambling Tigers,34.9,384,43,,214,95,99,20,53-143,37.06,7-14,50.00,,,,,,,,,,,,,,,,,,,,42-710,16.9,24-239,10.2,14-122,8.7,,38.0,"60-2,429",7-8,3,,107-901,81,,30:01,,0,21
2024,Hampton Pirates,23.3,256,34,,206,108,75,23,53-135,39.26,3-11,27.27,,,,,,,,,,,,,,,,,,,,35-600,17.1,5-25,5.0,7-13,1.9,,35.1,"59-2,073",7-7,8,,74-623,56,,30:27,,0,14
2024,Harvard Crimson,31.6,316,43,,190,102,80,8,57-129,44.19,5-11,45.46,,,,,,,,,,,,,,,,,,,,23-454,19.7,16-152,9.5,13-154,11.8,,35.1,"46-1,614",7-7,42,,34-294,29,,28:45,,0,20
2024,Hawai'i Rainbow Warriors,21.5,280,34,,251,70,154,27,68-183,37.16,16-32,50.00,,337-537,"3,593",6.7,276.4,27,15,39--265,,325,980,3.0,75.4,6,,901,"4,573",351.8,,21-410,19.5,15-101,6.7,7-63,9.0,,35.3,"61-2,369",14-18,61,,80-733,56,,29:39,,14-8,-10
2024,Holy Cross Crusaders,36.9,406,57,,257,143,92,22,68-130,52.31,18-29,62.07,,,,,,,,,,,,,,,,,,,,33-653,19.8,12-54,4.5,5-68,13.6,,36.4,23-838,3-3,12,,67-625,56,,28:49,,0,6
2024,Houston Cougars,23.7,284,37,,230,84,128,18,57-155,36.77,7-27,25.93,,261-408,"2,898",7.1,241.5,24,13,27--184,,359,"1,424",4.0,118.7,10,,794,"4,322",360.2,,29-625,21.6,15-100,6.7,9-144,16.0,,39.0,"50-2,069",8-14,41,,68-590,49,,27:56,,8-2,-1
2024,Houston Christian Huskies,27.3,273,35,,205,93,86,26,58-141,41.14,6-14,42.86,,,,,,,,,,,,,,,,,,,,13-222,17.1,12-100,6.4,5-99,19.8,,34.9,"50-1,866",10-10,37,,54-449,44,,29:04,,0,16
2024,Howard Bison,28.5,342,45,,234,95,114,25,76-166,45.78,14-28,50.00,,,,,,,,,,,,,,,,,,,,30-712,23.7,14-137,9.8,9-78,8.7,,39.7,"46-1,828",9-9,9,,65-576,48,,30:46,,0,12
2024,Idaho Vandals,32.3,420,52,,285,117,146,22,70-166,42.17,19-33,57.58,,,,,,,,,,,,,,,,,,,,25-594,23.8,18-332,14.9,11-123,11.2,,44.0,"29-1,276",19-19,56,,74-711,54,,33:44,,0,16
2024,Idaho State Bengals,25.5,280,38,,243,57,163,23,61-154,39.61,12-29,41.38,,,,,,,,,,,,,,,,,,,,21-441,21.0,6-60,10.0,8-85,10.6,,41.2,"49-2,020",5-5,23,,56-534,48,,26:18,,0,14
2024,Illinois Fighting Illini,24.5,294,37,,244,77,147,20,58-161,36.03,14-25,56.00,,261-415,"3,175",7.7,264.6,23,13,40--205,,396,"1,517",3.8,126.4,12,,851,"4,692",391.0,,25-454,18.2,12-133,11.1,7-103,14.7,,38.9,"52-2,183",14-19,42,,79-749,62,,28:24,,17-10,-8
2024,Illinois State Redbirds,32.6,359,49,,267,109,132,26,75-157,47.77,18-25,72.00,,,,,,,,,,,,,,,,,,,,12-144,12.0,11-50,4.5,11-106,9.6,,37.6,"40-1,502",8-9,62,,57-476,43,,27:38,,0,16
2024,Incarnate Word Cardinals,34.0,340,46,,242,86,135,21,58-134,43.28,11-25,44.00,,,,,,,,,,,,,,,,,,,,22-413,18.8,23-213,7.8,11-151,13.7,,43.2,"32-1,381",7-7,50,,85-788,78,,27:55,,0,16
2024,Indiana Hoosiers,27.0,324,33,,236,89,121,26,62-169,36.69,9-26,34.62,,215-366,"2,553",7.0,212.8,18,10,25--197,,433,"1,451",3.4,120.9,13,,824,"4,004",333.7,,31-657,21.2,12-31,2.6,10-98,9.8,,39.8,"58-2,612",11-15,46,,65-607,50,,29:25,,19-8,-5
2024,Indiana State Sycamores,13.3,146,18,,178,85,73,20,48-145,33.10,8-23,34.78,,,,,,,,,,,,,,,,,,,,23-446,19.4,11-75,6.8,5-109,21.8,,38.9,"53-2,063",8-10,20,,54-532,48,,30:14,,0,8
2024,Iowa Hawkeyes,15.4,216,22,,179,84,72,23,60-204,29.41,7-14,50.00,,170-348,"1,661",4.8,118.6,9,11,33--244,,486,"1,635",3.4,116.8,11,,867,"3,296",235.4,,19-444,23.4,31-319,10.3,10-126,12.6,,44.2,"94-4,516",19-27,76,,51-433,30,,28:32,,24-11,-7
2024,Iowa State Cyclones,26.2,341,40,,212,68,132,12,68-174,39.08,10-16,62.50,,241-381,"3,185",8.4,245.0,23,8,14--85,,382,"1,559",4.1,119.9,16,,777,"4,744",364.9,,19-382,20.1,17-128,7.5,16-150,9.4,,39.1,"62-2,703",21-26,40,,63-569,43,,29:09,,9-3,8
2024,Jackson State Tigers,27.3,300,39,,234,103,106,25,60-160,37.50,15-20,75.00,,,,,,,,,,,,,,,,,,,,33-500,15.2,14-116,8.3,17-39,2.3,,37.1,"55-2,043",10-11,22,,82-723,65,,31:45,,0,22
2024,Jacksonville State Gamecocks,30.2,392,49,,289,164,102,23,78-207,37.68,14-27,51.85,,182-350,"2,223",6.4,171.0,12,12,16--113,,647,"3,077",4.8,236.7,35,,1013,"5,300",407.7,,6-116,19.3,17-104,6.1,16-249,15.6,,39.6,"69-2,845",16-22,52,,63-564,43,,26:43,,17-8,5
2024,James Madison Dukes,34.1,443,56,,275,92,165,18,60-164,36.59,8-16,50.00,,288-428,"3,702",8.7,284.8,36,11,24--158,,446,"1,744",3.9,134.2,17,,898,"5,446",418.9,,22-430,19.5,20-263,13.2,13-159,12.2,,38.5,"59-2,395",16-18,46,,72-521,40,,31:17,,13-4,6
2024,Kansas Jayhawks,39.5,514,61,,279,122,134,23,70-145,48.28,7-19,36.84,,200-311,"3,121",10.0,240.1,24,11,16--124,,499,"2,678",5.4,206.0,32,,826,"5,799",446.1,,31-616,19.9,6-119,19.8,14-177,12.6,,39.4,"33-1,294",11-15,67,,73-740,56,,30:47,,16-6,1
2024,Kansas State Wildcats,36.9,480,64,,310,143,145,22,90-188,47.87,14-24,58.33,,258-426,"3,135",7.4,241.2,30,10,17--117,,533,"2,653",5.0,204.1,32,,976,"5,788",445.2,,19-344,18.1,16-87,5.4,13-136,10.5,,37.7,"52-2,151",11-14,39,,63-568,43,,31:53,,7-2,11
2024,Kennesaw State Owls,26.1,235,31,,151,92,47,12,35-109,32.11,7-15,46.67,,0-0,0,0.0,0.0,0,0,0-0,,0,0,0.0,0.0,0,,0,0,0.0,,19-499,26.3,17-177,10.7,10-224,22.4,,39.6,"39-1,652",6-7,39,,59-568,63,,29:39,,0-0,15
2024,Kent State Golden Flashes,14.7,176,19,,180,76,89,15,51-172,29.65,12-26,46.15,,160-306,"1,974",6.5,164.5,11,6,41--256,,441,"1,271",2.9,105.9,8,,788,"3,245",270.4,,42-887,21.1,14-106,7.6,6-0,0.0,,34.2,"72-2,767",15-17,24,,65-554,46,,28:49,,8-6,-3
2024,Kentucky Wildcats,29.1,378,50,,219,74,122,23,52-138,37.68,2-10,20.00,,211-375,"2,751",7.3,211.6,25,12,22--156,,339,"1,660",4.9,127.7,18,,736,"4,411",339.3,,23-678,29.5,8-73,9.1,11-230,20.9,,36.9,"56-2,276",10-11,60,,79-661,50,,27:35,,16-8,-2
2024,LSU Tigers,45.5,592,79,,335,128,182,25,71-130,54.62,6-15,40.00,,286-411,"4,406",10.7,338.9,44,5,22--96,,430,"2,659",6.2,204.5,34,,863,"7,065",543.5,,21-399,19.0,7-74,6.3,10-107,10.7,,40.2,"26-1,064",12-15,51,,79-672,51,,28:51,,9-3,6
2024,Lafayette Leopards,30.2,362,49,,236,120,94,22,72-155,46.45,15-21,71.43,,,,,,,,,,,,,,,,,,,,16-282,17.6,8-60,7.5,9-143,15.9,,36.0,"45-1,620",6-6,6,,54-517,43,,29:55,,0,17
2024,Lamar Cardinals,26.1,287,39,,204,91,93,20,61-152,40.13,12-22,54.55,,,,,,,,,,,,,,,,,,,,31-730,23.5,10-110,13.1,8-63,7.9,,38.6,"50-2,031",6-7,31,,60-568,51,,30:40,,0,17
2024,Lehigh Mountain Hawks,18.5,203,27,,179,51,103,25,45-145,31.03,13-24,54.17,,,,,,,,,,,,,,,,,,,,41-707,17.2,14-215,15.4,3-30,10.0,,41.3,"63-2,560",5-5,8,,64-564,51,,25:55,,0,12
2024,Liberty Flames,38.3,536,73,,346,207,113,26,78-158,49.37,11-21,52.38,,178-303,"2,882",9.5,205.9,32,6,9--65,,670,"4,106",6.1,293.3,39,,982,"6,988",499.1,,26-532,20.5,13-86,6.3,21-181,8.6,,37.9,"35-1,441",9-14,32,,88-875,62,,33:04,,17-12,7
2024,Lindenwood Lions,22.0,220,28,,185,80,92,13,46-135,34.07,8-16,50.00,,,,,,,,,,,,,,,,,,,,26-652,25.1,6-47,4.8,3-1,0.3,,39.4,"51-2,010",8-8,46,,53-520,52,,28:43,,0,9
2024,Long Island University Sharks,19.6,216,27,,159,87,60,12,48-134,35.82,7-16,43.75,,,,,,,,,,,,,,,,,,,,31-556,17.9,17-191,11.2,7-33,4.7,,41.3,"54-2,231",10-11,27,,59-585,53,,26:58,,0,11
2024,Louisiana Ragin' Cajuns,32.2,418,54,,265,115,128,22,68-167,40.72,11-20,55.00,,238-367,"2,817",7.7,216.7,23,9,25--182,,469,"2,294",4.9,176.5,25,,861,"5,111",393.2,,42-934,22.2,18-102,5.7,13-149,11.5,,39.6,"53-2,194",14-16,18,,79-647,49,,29:05,,26-11,3
2024,Louisiana Tech Bulldogs,25.9,311,39,,241,84,131,26,46-155,29.68,15-30,50.00,,269-422,"3,131",7.4,260.9,16,11,25--158,,381,"1,495",3.9,124.6,20,,828,"4,626",385.5,,29-558,19.2,31-268,8.6,5-49,9.8,,39.0,"54-2,423",14-19,82,,81-753,62,,29:44,,21-7,-9
2024,Louisville Cardinals,30.7,430,54,,292,128,141,23,65-176,36.93,13-24,54.17,,266-408,"3,313",8.1,236.6,22,12,32--249,,533,"2,499",4.7,178.5,31,,973,"5,812",415.1,,24-475,19.8,29-132,4.6,13-149,11.5,,38.1,"54-2,228",18-25,56,,78-681,48,,32:13,,20-7,1
2024,Maine Black Bears,23.5,259,34,,221,51,149,21,54-140,38.57,11-21,52.38,,,,,,,,,,,,,,,,,,,,40-661,16.5,11-59,5.4,7-79,11.3,,42.5,"51-2,168",7-7,22,,65-575,52,,30:25,,0,15
2024,Marist Red Foxes,22.6,249,25,,186,63,108,15,61-164,37.20,15-33,45.46,,,,,,,,,,,,,,,,,,,,47-858,18.3,11-74,6.7,8-199,24.9,,36.3,"55-1,959",5-5,5,,70-642,58,,31:23,,0,21
2024,Marshall Thundering Herd,22.8,296,37,,236,81,126,29,56-181,30.94,6-25,24.00,,268-425,"2,940",6.9,226.2,12,18,36--249,,452,"1,720",3.8,132.3,21,,913,"4,660",358.5,,32-800,25.0,9-19,2.1,13-131,10.1,,35.7,"69-2,895",12-20,56,,84-757,58,,29:26,,23-11,-11
2024,Maryland Terrapins,29.7,386,49,,273,93,156,24,75-175,42.86,13-19,68.42,,307-477,"3,626",7.6,278.9,27,13,29--234,,381,"1,409",3.7,108.4,20,,887,"5,035",387.3,,23-453,19.7,12-101,8.4,17-166,9.8,,36.8,"48-1,933",14-20,59,,72-735,56,,28:11,,17-8,3
2024,Massachusetts Minutemen,28.0,336,35,,213,93,101,19,55-151,36.42,3-13,23.08,,212-348,"2,569",7.4,214.1,14,11,26--190,,390,"1,706",4.4,142.2,19,,764,"4,275",356.3,,40-713,17.8,12-80,6.6,8-135,16.9,,32.1,"57-2,261",11-20,32,,96-851,70,,29:45,,16-6,-1
2024,McNeese Cowboys,19.3,193,24,,173,69,89,15,39-121,32.23,8-15,53.33,,,,,,,,,,,,,,,,,,,,19-433,22.8,8-42,5.3,5-0,0.0,,40.7,"52-2,114",8-8,28,,60-534,53,,26:37,,0,11
2024,Memphis Tigers,38.9,506,67,,295,103,173,19,78-172,45.35,18-28,64.29,,321-481,"3,984",8.3,306.5,33,10,19--88,,429,"1,976",4.6,152.0,31,,929,"5,960",458.5,,26-566,21.8,15-118,7.9,11-205,18.6,,38.1,"45-1,902",13-18,25,,53-536,41,,31:08,,10-5,5
2024,Mercer Bears,24.4,317,41,,228,103,100,25,57-169,33.73,10-18,55.56,,,,,,,,,,,,,,,,,,,,33-661,20.0,29-339,11.7,14-170,12.1,,36.8,"73-2,683",10-10,6,,77-667,51,,30:23,,0,25
2024,Merrimack Warriors,32.5,357,38,,176,104,51,21,48-148,32.43,9-18,50.00,,,,,,,,,,,,,,,,,,,,37-919,24.8,15-155,10.3,10-117,11.7,,36.4,"69-2,513",10-10,30,,74-628,57,,32:19,,0,18
2024,Miami Hurricanes,31.5,409,49,,285,112,150,23,67-164,40.85,11-21,52.38,,283-436,"3,354",7.7,258.0,23,14,16--109,,440,"2,251",5.1,173.2,24,,892,"5,605",431.2,,33-791,24.0,12-79,6.6,12-118,9.8,,39.7,"45-1,882",22-26,61,,79-751,57,,31:52,,13-8,-4
2024,Miami (OH) RedHawks,25.6,359,40,,214,97,95,22,60-167,35.93,4-13,30.77,,165-293,"2,316",7.9,165.4,16,7,25--149,,503,"2,213",4.4,158.1,23,,821,"4,529",323.5,,26-522,20.1,24-299,12.3,11-130,11.8,,42.4,"58-2,566",27-28,72,,66-547,39,,29:49,,18-9,2
2024,Michigan Wolverines,35.9,538,69,,297,121,160,16,74-173,42.78,17-22,77.27,,260-361,"3,205",8.9,213.7,24,5,20--155,,563,"2,536",4.5,169.1,40,,944,"5,741",382.7,,18-251,13.9,30-316,10.5,18-419,23.3,,40.2,"53-2,296",18-21,69,,45-412,27,,32:13,,12-3,19
2024,Michigan State Spartans,15.9,191,22,,199,74,103,22,50-162,30.86,10-20,50.00,,221-379,"2,398",6.3,199.8,14,13,25--195,,370,"1,074",2.9,89.5,7,,774,"3,472",289.3,,17-302,17.8,13-89,6.8,9-22,2.4,,41.7,"70-3,177",13-18,67,,82-713,59,,28:05,,13-9,-6
2024,Middle Tennessee Blue Raiders,24.3,291,37,,232,82,126,24,72-182,39.56,10-22,45.46,,295-438,"3,192",7.3,266.0,23,13,32--169,,384,"1,501",3.9,125.1,13,,854,"4,693",391.1,,14-260,18.6,11-120,10.9,8-96,12.0,,38.6,"67-2,893",10-14,36,,81-675,56,,28:32,,13-8,-5
2024,Minnesota Golden Gophers,20.9,272,29,,237,123,90,24,62-176,35.23,14-17,82.35,,164-312,"1,864",6.0,143.4,16,11,21--126,,505,"2,048",4.1,157.5,13,,838,"3,912",300.9,,25-362,14.5,9-111,13.5,12-114,9.5,,40.4,"65-2,762",23-27,85,,39-352,27,,31:52,,9-6,2
2024,Mississippi State Bulldogs,21.8,262,30,,199,79,106,14,49-159,30.82,10-24,41.67,,201-348,"2,182",6.3,181.8,15,10,26--158,,401,"1,761",4.4,146.8,12,,775,"3,943",328.6,,23-550,23.9,17-200,11.8,7-121,17.3,,38.9,"58-2,319",17-23,61,,75-682,56,,28:40,,9-4,-2
2024,Mississippi Valley State Delta Devils,12.0,132,17,,159,68,74,17,41-157,26.12,10-21,47.62,,,,,,,,,,,,,,,,,,,,51-943,18.5,11-95,8.6,6-45,7.5,,35.2,"75-2,639",5-8,13,,77-647,58,,31:08,,0,12
2024,Missouri Tigers,32.5,423,50,,281,122,139,20,72-170,42.35,11-15,73.33,,248-378,"3,410",9.0,262.3,23,7,26--160,,496,"2,246",4.5,172.8,25,,900,"5,656",435.1,,20-383,19.2,9-71,7.9,9-47,5.2,,39.4,"50-2,048",24-30,56,,93-709,54,,30:25,,9-2,10
2024,Missouri State Bears,29.8,328,43,,222,62,147,13,59-135,43.70,15-20,75.00,,,,,,,,,,,,,,,,,,,,24-435,18.1,11-116,10.5,10-54,5.4,,42.9,"37-1,589",9-10,41,,66-627,57,,28:03,,0,14
2024,Monmouth Hawks,32.5,357,50,,226,87,122,17,51-146,34.93,23-43,53.49,,,,,,,,,,,,,,,,,,,,31-575,18.5,7-37,5.3,8-35,4.4,,40.5,"40-1,619",4-4,13,,63-509,46,,31:01,,0,16
2024,Montana Grizzlies,30.4,456,57,,297,147,130,20,91-219,41.55,12-25,48.00,,,,,,,,,,,,,,,,,,,,25-577,23.1,31-447,14.4,17-166,9.8,,39.8,"68-2,708",18-20,65,,96-924,61,,31:23,,0,24
2024,Montana State Bobcats,39.9,479,65,,257,153,94,10,55-123,44.72,8-15,53.33,,,,,,,,,,,,,,,,,,,,21-409,19.5,48-253,4.1,12-106,8.8,,45.9,"34-1,560",10-10,82,,68-600,50,,29:46,,0,15
2024,Morehead State Eagles,21.9,241,32,,183,55,101,27,45-147,30.61,9-22,40.91,,,,,,,,,,,,,,,,,,,,40-774,19.4,12-127,10.6,17-144,8.5,,39.1,"64-2,466",8-8,12,,75-591,53,,27:46,,0,20
2024,Morgan State Bears,15.5,155,19,,144,67,61,16,42-143,29.37,6-21,28.57,,,,,,,,,,,,,,,,,,,,33-643,19.5,14-112,8.0,11-175,15.9,,33.4,"60-2,002",7-7,17,,66-663,66,,29:11,,0,23
2024,Murray State Racers,16.6,183,22,,173,75,82,16,45-136,33.09,8-19,42.11,,,,,,,,,,,,,,,,,,,,31-572,18.5,7-38,5.4,6-113,18.8,,42.9,"55-2,360",9-11,40,,65-663,60,,29:13,,0,10
2024,NC State Wolfpack,26.1,339,41,,240,103,117,20,75-188,39.89,9-15,60.00,,224-379,"2,521",6.7,193.9,19,12,24--155,,478,"2,034",4.3,156.5,19,,881,"4,555",350.4,,24-537,22.4,17-171,10.1,17-178,10.5,,39.5,"71-3,022",18-23,61,,75-602,46,,32:26,,9-3,9
2024,Navy Midshipmen,17.7,212,27,,174,122,48,4,50-173,28.90,16-26,61.54,,102-199,"1,268",6.4,105.7,10,5,24--126,,548,"2,335",4.3,194.6,16,,771,"3,603",300.3,,24-477,19.9,20-176,8.8,10-174,17.4,,40.7,"80-3,583",8-14,18,,68-552,46,,31:15,,20-8,11
2024,Nebraska Cornhuskers,17.5,210,26,,197,115,66,16,59-154,38.31,8-16,50.00,,136-261,"1,631",6.2,135.9,10,16,30--181,,478,"2,122",4.4,176.8,16,,769,"3,753",312.8,,15-335,22.3,16-48,3.0,9-71,7.9,,37.8,"58-2,355",9-15,41,,60-508,42,,30:53,,30-15,-17
2024,Nevada Wolf Pack,17.3,208,23,,200,86,84,30,52-174,29.89,10-23,43.48,,191-345,"2,102",6.1,175.2,6,12,41--247,,443,"1,498",3.4,124.8,14,,829,"3,600",300.0,,28-484,17.3,7-118,16.9,9-287,31.9,,38.6,"66-2,719",15-20,64,,81-702,58,,30:19,,24-8,-4
2024,New Hampshire Wildcats,42.9,472,53,,248,62,168,18,69-157,43.95,19-30,63.33,,,,,,,,,,,,,,,,,,,,35-846,24.2,21-376,17.9,10-147,14.7,,37.0,"36-1,331",14-14,21,,80-775,70,,31:21,,0,15
2024,New Mexico Lobos,27.3,327,43,,277,122,123,32,59-145,40.69,9-14,64.29,,198-353,"2,615",7.4,217.9,17,10,19--119,,440,"2,312",5.3,192.7,26,,812,"4,927",410.6,,28-483,17.3,4-5,1.3,4-3,0.8,,33.4,"53-2,204",10-14,35,,"119-1,076",89,,32:18,,16-5,-7
2024,New Mexico State Aggies,27.5,412,51,,308,150,137,21,74-170,43.53,11-18,61.11,,235-393,"3,206",8.2,213.7,28,10,24--145,,527,"3,000",5.7,200.0,22,,944,"6,206",413.7,,18-337,18.7,17-135,7.9,7-88,12.6,,38.3,"53-2,129",19-24,64,,93-875,58,,31:29,,13-5,-2
2024,Nicholls Colonels,24.3,267,35,,220,86,104,30,61-155,39.36,6-14,42.86,,,,,,,,,,,,,,,,,,,,29-615,21.2,9-45,5.0,16-196,12.3,,39.3,"58-2,281",8-8,14,,71-632,57,,32:09,,0,23
2024,Norfolk State Spartans,34.8,383,32,,193,101,74,18,54-158,34.18,11-24,45.83,,,,,,,,,,,,,,,,,,,,35-679,19.4,3-17,5.7,9-94,10.4,,36.4,"47-1,713",12-12,2,,71-571,51,,31:46,,0,21
2024,North Alabama Lions,22.9,252,35,,228,90,111,27,56-179,31.29,26-44,59.09,,,,,,,,,,,,,,,,,,,,20-288,14.4,14-58,4.1,8-72,9.0,,42.1,"58-2,442",4-4,31,,80-746,67,,29:23,,0,15
2024,North Carolina Tar Heels,34.5,448,55,,319,138,156,25,92-189,48.68,9-20,45.00,,292-460,"3,881",8.4,298.5,26,11,37--184,,498,"2,505",5.0,192.7,28,,995,"6,386",491.2,,14-257,18.4,9-114,13.6,12-64,5.3,,35.5,"47-1,804",22-24,70,,93-862,66,,28:36,,10-6,5
2024,North Carolina A&T Aggies,16.3,179,21,,154,80,55,19,41-133,30.83,5-15,33.33,,,,,,,,,,,,,,,,,,,,39-893,22.9,11-71,6.5,5-15,3.0,,37.9,"50-1,896",11-11,15,,67-559,50,,27:23,,0,11
2024,North Carolina Central Eagles,35.8,429,58,,234,112,101,21,66-149,44.30,11-14,78.57,,,,,,,,,,,,,,,,,,,,36-552,15.3,15-271,18.6,7-106,15.1,,38.3,"52-1,991",10-10,9,,62-586,48,,31:55,,0,12
2024,North Dakota Fighting Hawks,31.7,380,53,,247,115,113,19,61-131,46.57,13-21,61.91,,,,,,,,,,,,,,,,,,,,29-807,27.8,4-21,5.3,7-128,18.3,,40.1,"37-1,485",4-5,36,,43-384,32,,30:37,,0,13
2024,North Dakota State Bison,38.1,572,74,,321,165,135,21,86-176,48.86,16-25,64.00,,,,,,,,,,,,,,,,,,,,23-401,17.4,17-237,10.9,21-344,16.4,,42.0,"34-1,427",19-19,32,,93-787,52,,33:08,,0,27
2024,North Texas Mean Green,34.5,414,52,,296,126,157,13,73-174,41.95,21-35,60.00,,284-462,"3,656",7.9,304.7,33,9,38--249,,449,"2,294",5.1,191.2,19,,949,"5,950",495.8,,37-720,19.5,11-50,4.5,10-50,5.0,,40.7,"39-1,648",16-19,91,,57-559,46,,29:12,,21-10,-5
2024,Northern Arizona Lumberjacks,27.5,303,42,,214,92,105,17,62-151,41.06,16-27,59.26,,,,,,,,,,,,,,,,,,,,24-523,21.8,11-160,14.5,11-162,14.7,,41.2,"46-1,895",3-3,51,,86-739,67,,30:16,,0,15
2024,Northern Colorado Bears,14.0,154,18,,175,71,85,19,56-163,34.36,9-18,50.00,,,,,,,,,,,,,,,,,,,,16-342,21.4,11-65,5.9,12-49,4.1,,43.6,"68-2,968",9-9,95,,52-486,44,,28:11,,0,15
2024,Northern Illinois Huskies,25.1,326,41,,244,106,114,24,73-175,41.71,10-20,50.00,,211-366,"2,467",6.7,189.8,15,9,16--94,,467,"2,335",5.0,179.6,23,,849,"4,802",369.4,,26-413,15.9,12-104,8.7,10-92,9.2,,38.9,"52-2,110",13-22,21,,58-517,39,,31:32,,15-9,-3
2024,Northern Iowa Panthers,26.1,287,33,,235,74,139,22,57-132,43.18,4-8,50.00,,,,,,,,,,,,,,,,,,,,25-470,18.8,8-28,3.5,9-31,3.4,,42.6,"36-1,493",19-19,41,,66-603,54,,29:58,,0,16
2024,Northwestern Wildcats,22.1,287,35,,218,84,114,20,77-192,40.10,3-14,21.43,,241-389,"2,626",6.8,202.0,20,8,51--294,,458,"1,325",2.9,101.9,14,,898,"3,951",303.9,,27-584,21.6,11-70,6.4,13-101,7.8,,37.2,"75-2,874",14-19,18,,69-554,42,,28:37,,13-1,13
2024,Northwestern State Demons,14.0,84,9,,99,43,47,9,29-97,29.90,7-19,36.84,,,,,,,,,,,,,,,,,,,,19-322,16.9,4-18,4.5,4-0,0.0,,33.0,"35-1,154",7-7,32,,27-245,40,,30:24,,0,10
2024,Notre Dame Fighting Irish,38.7,503,65,,273,119,142,12,66-146,45.21,10-17,58.82,,227-351,"3,205",9.1,246.5,31,9,16--126,,457,"2,414",5.3,185.7,28,,824,"5,619",432.2,,21-552,26.3,15-168,11.2,16-252,15.8,,38.0,"39-1,756",15-22,66,,69-623,47,,30:34,,13-8,7
2024,Ohio Bobcats,24.3,316,37,,271,114,126,31,84-184,45.65,8-16,50.00,,239-383,"2,647",6.9,203.6,16,9,16--100,,485,"1,877",3.9,144.4,18,,884,"4,524",348.0,,15-273,18.2,15-41,2.7,15-137,9.1,,35.5,"48-1,936",19-28,19,,73-673,51,,33:24,,8-4,9
2024,Ohio State Buckeyes,30.5,397,50,,270,91,159,20,72-168,42.86,10-18,55.56,,255-400,"3,498",8.7,269.1,26,7,23--140,,431,"1,805",4.2,138.8,20,,854,"5,303",407.9,,13-259,19.9,17-75,4.4,7-230,32.9,,40.4,"50-2,174",16-20,59,,74-579,44,,29:25,,10-6,-2
2024,Oklahoma Sooners,41.7,542,71,,332,130,174,28,87-178,48.88,13-19,68.42,,310-453,"4,223",9.3,324.8,34,9,20--122,,521,"2,368",4.5,182.2,32,,994,"6,591",507.0,,21-442,21.0,22-137,6.2,20-344,17.2,,39.6,"43-1,818",15-21,53,,88-755,58,,29:03,,19-11,6
2024,Oklahoma State Cowboys,29.6,414,48,,303,98,186,19,80-209,38.28,11-20,55.00,,344-570,"3,871",6.8,276.5,18,16,13--91,,449,"2,174",4.8,155.3,29,,1032,"6,045",431.8,,33-651,19.7,12-42,3.5,13-194,14.9,,40.0,"66-2,750",27-34,51,,70-578,41,,29:56,,14-5,2
2024,Old Dominion Monarchs,23.8,310,38,,215,102,95,18,69-187,36.90,7-26,26.92,,204-361,"2,532",7.0,194.8,20,11,62--366,,474,"1,996",4.2,153.5,15,,897,"4,528",348.3,,30-503,16.8,19-137,7.2,11-275,25.0,,35.5,"67-2,662",14-21,37,,84-794,61,,24:49,,15-7,3
2024,Ole Miss Rebels,35.1,456,57,,305,133,154,18,65-176,36.93,25-36,69.44,,256-394,"3,713",9.4,285.6,26,6,27--177,,535,"2,294",4.3,176.5,29,,956,"6,007",462.1,,20-310,15.5,14-117,8.4,13-145,11.2,,38.1,"49-2,038",19-23,82,,94-768,59,,27:44,,11-1,11
2024,Oregon Ducks,44.2,619,83,,369,139,210,20,79-155,50.97,19-25,76.00,,397-514,"4,857",9.4,346.9,49,5,5--31,,437,"2,583",5.9,184.5,33,,956,"7,440",531.4,,20-308,15.4,21-201,9.6,12-58,4.8,,42.7,"32-1,483",12-18,68,,93-848,60,,31:02,,9-2,11
2024,Oregon State Beavers,31.8,414,54,,278,122,143,13,57-148,38.51,17-30,56.67,,222-380,"3,148",8.3,242.2,26,8,19--119,,445,"2,172",4.9,167.1,26,,844,"5,320",409.2,,28-518,18.5,13-234,18.0,12-153,12.8,,37.3,"39-1,597",13-14,58,,73-655,50,,30:43,,13-5,6
2024,Penn State Nittany Lions,36.2,471,59,,292,136,134,22,75-185,40.54,20-26,76.92,,246-413,"2,795",6.8,215.0,30,2,16--124,,515,"2,407",4.7,185.2,26,,944,"5,202",400.2,,16-372,23.3,29-336,11.6,12-177,14.8,,42.8,"52-2,357",19-26,66,,65-563,43,,32:31,,13-6,16
2024,Pennsylvania Quakers,26.2,262,30,,217,69,134,14,61-142,42.96,10-15,66.67,,,,,,,,,,,,,,,,,,,,19-373,19.6,18-85,4.8,8-48,6.0,,38.2,"37-1,414",17-18,28,,45-391,39,,30:47,,0,9
2024,Pittsburgh Panthers,20.2,242,30,,195,73,101,21,47-150,31.33,10-20,50.00,,192-360,"2,592",7.2,216.0,17,12,23--205,,356,"1,223",3.4,101.9,10,,739,"3,815",317.9,,23-419,18.2,23-108,4.7,10-141,14.1,,36.1,"62-2,623",11-16,71,,94-773,64,,27:37,,15-9,-5
2024,Portland State Vikings,35.4,389,53,,223,114,87,22,67-141,47.52,7-14,50.00,,,,,,,,,,,,,,,,,,,,24-500,20.8,8-143,6.0,9-87,9.7,,40.6,"40-1,723",8-8,69,,69-655,59,,31:49,,0,12
2024,Prairie View A&M Panthers,19.5,234,29,,203,105,82,16,53-150,35.33,4-14,28.57,,,,,,,,,,,,,,,,,,,,39-656,16.8,17-129,7.6,8-98,12.3,,38.8,"59-2,290",11-12,2,,79-696,58,,30:04,,0,13
2024,Presbyterian Blue Hose,21.8,240,27,,184,68,89,27,46-144,31.94,8-16,50.00,,,,,,,,,,,,,,,,,,,,29-456,15.7,16-44,2.8,8-58,7.3,,33.5,"53-1,774",16-16,15,,75-683,62,,27:43,,0,16
2024,Princeton Tigers,19.7,197,27,,164,66,91,7,50-153,32.68,11-24,45.83,,,,,,,,,,,,,,,,,,,,10-178,17.8,15-95,6.3,10-95,9.5,,38.3,"68-2,605",3-4,44,,57-493,49,,29:29,,0,20
2024,Purdue Boilermakers,24.1,289,38,,245,107,117,21,63-176,35.80,11-28,39.29,,234-392,"2,534",6.5,211.2,15,10,24--178,,462,"2,025",4.4,168.8,20,,878,"4,559",379.9,,21-509,24.2,20-159,8.0,10-79,7.9,,36.7,"63-2,529",8-17,32,,72-691,57,,30:25,,21-8,0
2024,Rhode Island Rams,28.9,318,42,,230,84,125,21,69-158,43.67,9-15,60.00,,,,,,,,,,,,,,,,,,,,33-649,19.7,23-182,7.9,9-24,2.7,,38.3,"50-1,914",9-9,21,,70-634,57,,29:10,,0,11
2024,Rice Owls,29.5,384,51,,247,83,141,23,60-158,37.98,16-24,66.67,,268-431,"3,282",7.6,252.5,29,16,29--201,,387,"1,436",3.7,110.5,21,,847,"4,718",362.9,,26-548,21.1,20-223,11.2,5-98,19.6,,35.9,"54-2,123",8-12,52,,74-628,48,,31:01,,14-9,-13
2024,Richmond Spiders,28.6,372,49,,250,95,127,28,47-158,29.75,11-16,68.75,,,,,,,,,,,,,,,,,,,,36-700,19.4,14-182,13.0,16-276,17.3,,40.8,"64-2,608",11-12,14,,63-634,48,,30:36,,0,26
2024,Robert Morris Colonials,25.8,284,30,,188,59,105,24,53-156,33.97,12-25,48.00,,,,,,,,,,,,,,,,,,,,37-863,23.3,17-88,5.2,7-80,11.4,,39.6,"54-2,141",5-5,22,,76-577,52,,31:01,,0,17
2024,Rutgers Scarlet Knights,23.4,304,37,,227,126,84,17,62-169,36.69,16-25,64.00,,142-294,"1,788",6.1,137.5,10,8,14--86,,517,"2,193",4.2,168.7,24,,825,"3,981",306.2,,5-165,33.0,7-44,7.0,9-52,5.8,,38.8,"57-2,258",15-19,65,,66-587,45,,31:49,,10-5,5
2024,SE Louisiana Lions,25.3,278,36,,217,92,109,16,57-150,38.00,13-25,52.00,,,,,,,,,,,,,,,,,,,,33-686,20.8,17-237,13.9,12-81,6.8,,41.6,"44-1,831",10-10,47,,71-576,52,,30:33,,0,16
2024,SMU Mustangs,38.3,536,68,,329,134,165,30,84-196,42.86,17-28,60.71,,274-465,"3,897",8.4,278.4,33,8,16--100,,555,"2,472",4.5,176.6,29,,1036,"6,369",454.9,,24-449,18.7,27-265,9.8,12-172,14.3,,35.8,"47-1,971",20-27,52,,64-563,40,,30:06,,15-6,3
2024,Sacramento State Hornets,30.7,399,51,,296,135,144,17,86-179,48.05,14-26,53.85,,,,,,,,,,,,,,,,,,,,27-564,20.9,18-127,7.1,14-73,5.2,,43.4,"45-1,951",14-14,27,,68-592,45,,28:56,,0,18
2024,Sacred Heart Pioneers,13.1,144,15,,183,95,72,16,45-162,27.78,13-22,59.09,,,,,,,,,,,,,,,,,,,,34-694,20.4,13-39,3.0,10-60,6.0,,38.0,"73-2,773",14-14,3,,58-508,46,,29:31,,0,15
2024,Sam Houston Bearkats,20.0,240,30,,218,69,126,23,65-183,35.52,13-22,59.09,,282-448,"2,671",6.0,222.6,15,12,19--132,,368,"1,066",2.9,88.8,13,,835,"3,737",311.4,,25-440,17.6,21-144,6.9,13-217,16.7,,37.7,"77-3,164",11-14,29,,61-506,42,,29:41,,13-4,4
2024,Samford Bulldogs,29.0,319,43,,259,97,144,18,68-160,42.50,11-21,52.38,,,,,,,,,,,,,,,,,,,,23-517,22.5,19-179,9.4,7-44,6.3,,35.0,"49-1,717",7-7,18,,61-608,55,,27:29,,0,14
2024,San Diego Toreros,23.0,253,32,,187,85,89,13,55-150,36.67,7-20,35.00,,,,,,,,,,,,,,,,,,,,33-699,21.2,13-79,6.1,15-269,17.9,,40.0,"53-2,118",11-12,25,,99-860,78,,33:25,,0,24
2024,San Diego State Aztecs,20.5,246,27,,206,97,97,12,61-174,35.06,13-23,56.52,,202-319,"2,061",6.5,171.8,10,10,24--144,,454,"1,851",4.1,154.3,16,,797,"3,912",326.0,,29-589,20.3,21-185,8.8,12-206,17.2,,42.6,"54-2,449",19-26,33,,59-528,44,,32:47,,11-7,1
2024,San Jos√© State Spartans,31.8,414,55,,269,119,125,25,68-153,44.44,7-19,36.84,,230-376,"2,853",7.6,219.5,21,4,20--132,,429,"2,393",5.6,184.1,31,,825,"5,246",403.5,,18-283,15.7,10-182,18.2,12-230,19.2,,37.0,"45-1,879",10-15,21,,74-638,49,,30:35,,17-6,11
2024,South Alabama Jaguars,33.0,429,56,,294,124,154,16,75-174,43.10,17-27,62.96,,291-428,"3,486",8.1,268.2,28,11,31--194,,469,"2,240",4.8,172.3,28,,928,"5,726",440.5,,18-312,17.3,24-252,10.8,13-70,5.4,,39.5,"42-1,689",14-21,45,,87-750,57,,30:33,,18-9,2
2024,South Carolina Gamecocks,26.0,312,40,,217,62,139,16,54-161,33.54,9-24,37.50,,283-412,"3,336",8.1,278.0,21,8,41--298,,369,"1,021",2.8,85.1,17,,822,"4,357",363.1,,20-352,17.6,14-112,8.0,10-129,12.9,,41.2,"62-2,676",12-14,65,,86-666,55,,28:17,,14-5,4
2024,South Carolina State Bulldogs,24.9,274,37,,191,113,64,14,47-125,37.60,6-15,40.00,,,,,,,,,,,,,,,,,,,,21-359,17.1,21-147,6.2,9-33,3.7,,37.7,"52-1,961",6-6,7,,51-483,43,,29:56,,0,16
2024,South Dakota Coyotes,31.2,405,39,,228,97,113,18,57-131,43.51,6-10,60.00,,,,,,,,,,,,,,,,,,,,20-330,16.5,8-51,6.4,9-46,5.1,,41.8,"47-1,964",13-13,25,,75-595,45,,29:15,,0,15
2024,South Dakota State Jackrabbits,37.3,560,73,,328,169,147,12,84-157,53.50,9-11,81.82,,,,,,,,,,,,,,,,,,,,19-446,23.5,28-486,17.9,19-214,11.3,,41.5,"35-1,453",18-18,38,,97-915,61,,31:34,,0,29
2024,South Florida Bulls,31.8,413,54,,300,138,134,28,78-208,37.50,20-46,43.48,,287-447,"3,494",7.8,268.8,27,11,43--257,,580,"2,377",4.1,182.8,23,,1070,"5,871",451.6,,21-414,19.7,19-105,5.5,14-175,12.5,,39.3,"56-2,292",11-16,32,,97-852,65,,28:35,,17-10,3
2024,Southeast Missouri State Redhawks,26.7,294,37,,220,81,111,28,64-158,40.51,5-16,31.25,,,,,,,,,,,,,,,,,,,,33-609,18.5,18-200,11.1,13-215,16.5,,40.0,"61-2,441",11-11,16,,73-767,69,,30:52,,0,17
2024,Southern Jaguars,25.0,275,37,,179,65,98,16,44-136,32.35,11-27,40.74,,,,,,,,,,,,,,,,,,,,33-518,15.7,14-143,8.5,7-77,11.0,,41.2,"51-2,153",7-7,48,,92-856,77,,26:37,,0,21
2024,Southern Illinois Salukis,25.5,332,44,,234,78,132,24,59-169,34.91,21-33,63.64,,,,,,,,,,,,,,,,,,,,27-491,18.2,20-71,3.6,12-89,7.4,,40.1,"57-2,283",9-9,8,,84-671,51,,29:01,,0,25
2024,Southern Miss Golden Eagles,23.2,278,33,,242,112,100,30,72-188,38.30,10-24,41.67,,188-363,"2,288",6.3,190.7,15,8,34--250,,485,"1,961",4.0,163.4,16,,882,"4,249",354.1,,39-879,22.5,16-167,10.4,9-41,4.6,,36.5,"61-2,422",17-24,23,,75-578,48,,33:15,,17-8,1
2024,Southern Utah Thunderbirds,33.5,368,51,,228,76,128,24,73-159,45.91,9-16,56.25,,,,,,,,,,,,,,,,,,,,24-397,16.5,19-130,5.9,14-177,12.6,,35.6,"52-1,978",6-6,59,,71-668,60,,32:12,,0,19
2024,St. Francis (PA) Red Flash,27.4,274,37,,187,97,78,12,47-118,39.83,9-15,60.00,,,,,,,,,,,,,,,,,,,,31-548,17.7,13-230,17.7,6-35,5.8,,39.3,"42-1,650",5-5,18,,64-528,52,,29:49,,0,10
2024,St. Thomas-Minnesota Tommies,24.3,267,37,,176,87,72,17,56-147,38.10,11-22,50.00,,,,,,,,,,,,,,,,,,,,22-362,16.5,19-161,8.1,8-81,10.1,,39.2,"51-2,001",3-3,18,,62-551,50,,30:08,,0,13
2024,Stanford Cardinal,20.8,249,26,,234,82,119,33,65-182,35.71,9-27,33.33,,233-425,"2,796",6.6,233.0,11,10,41--234,,414,"1,427",3.4,118.9,15,,880,"4,223",351.9,,18-276,15.3,7-48,6.9,8-49,6.1,,37.4,"54-2,250",23-26,82,,75-709,59,,31:16,,17-4,-3
2024,Stephen F. Austin Lumberjacks,29.1,320,38,,237,87,126,24,62-171,36.26,25-43,58.14,,,,,,,,,,,,,,,,,,,,31-527,17.0,8-31,3.9,9-43,4.8,,43.6,"36-1,568",17-17,24,,73-608,55,,29:35,,0,18
2024,Stetson Hatters,23.3,256,32,,204,59,117,28,55-150,36.67,8-21,38.10,,,,,,,,,,,,,,,,,,,,41-778,19.0,6-10,2.4,12-71,5.9,,30.2,"45-1,553",11-14,6,,52-413,37,,27:32,,0,21
2024,Stonehill Skyhawks,23.1,231,29,,188,85,76,27,59-156,37.82,4-14,28.57,,,,,,,,,,,,,,,,,,,,45-783,17.4,10-46,4.6,7-9,1.3,,34.6,"59-2,039",10-13,26,,64-627,62,,30:17,,0,15
2024,Stony Brook Seawolves,15.2,152,19,,157,52,93,12,44-133,33.08,3-11,27.27,,,,,,,,,,,,,,,,,,,,49-841,17.2,3-25,8.3,8-165,20.6,,39.2,"57-2,232",7-11,31,,75-605,60,,29:27,,0,12
2024,Syracuse Orange,23.5,305,40,,232,115,94,23,70-179,39.11,10-20,50.00,,192-316,"2,223",7.0,171.0,17,15,30--167,,529,"2,240",4.2,172.3,20,,875,"4,463",343.3,,20-381,19.1,27-272,10.1,9-183,20.3,,38.7,"63-2,820",10-16,89,,95-801,61,,28:16,,23-9,-2
2024,TCU Horned Frogs,31.3,376,48,,300,108,180,12,82-177,46.33,16-32,50.00,,319-503,"3,746",7.4,312.2,27,15,19--104,,406,"1,854",4.6,154.5,19,,928,"5,600",466.7,,32-675,21.1,13-152,10.3,8-129,16.1,,37.9,"38-1,561",14-21,66,,74-643,53,,27:21,,11-4,-7
2024,Tarleton State Texans,33.3,366,47,,241,113,109,19,58-145,40.00,8-14,57.14,,,,,,,,,,,,,,,,,,,,19-463,24.4,5-90,18.0,7-170,24.3,,40.2,"45-1,808",13-13,19,,71-666,60,,27:48,,0,18
2024,Temple Owls,21.1,253,33,,247,63,155,29,66-173,38.15,23-45,51.11,,283-508,"3,320",6.5,276.7,23,16,18--139,,331,"1,155",3.5,96.3,9,,857,"4,475",372.9,,39-688,17.6,14-76,4.0,3-2,0.7,,36.3,"44-1,720",7-12,40,,54-441,36,,28:21,,13-9,-20
2024,Tennessee Volunteers,31.8,413,51,,284,140,134,10,73-175,41.71,7-18,38.89,,262-410,"3,162",7.7,243.2,22,5,24--146,,489,"2,663",5.4,204.8,23,,923,"5,825",448.1,,15-293,19.5,22-251,11.4,12-239,19.9,,41.3,"55-2,337",19-24,72,,101-883,67,,24:56,,16-7,6
2024,Tennessee State Tigers,22.7,250,31,,189,83,86,20,55-159,34.59,4-9,44.44,,,,,,,,,,,,,,,,,,,,20-433,21.7,14-108,7.5,7-36,5.1,,37.3,"75-2,863",12-13,28,,75-655,59,,28:27,,0,10
2024,Tennessee Tech Golden Eagles,17.2,189,24,,196,82,90,24,61-180,33.89,14-35,40.00,,,,,,,,,,,,,,,,,,,,9-107,11.9,20-73,3.7,12-258,21.5,,40.2,"63-2,534",7-8,28,,73-576,52,,32:33,,0,19
2024,Texas Longhorns,35.6,499,59,,323,128,180,15,71-185,38.38,19-31,61.29,,317-475,"4,047",8.5,289.1,25,9,28--165,,527,"2,638",5.0,188.4,29,,1030,"6,685",477.5,,31-636,20.5,25-393,15.7,16-210,13.1,,41.5,"41-1,828",29-35,51,,92-731,52,,31:13,,19-9,6
2024,Texas A&M Aggies,32.8,427,50,,288,111,150,27,76-175,43.43,12-20,60.00,,274-426,"3,520",8.3,270.8,24,10,29--192,,456,"1,770",3.9,136.2,23,,911,"5,290",406.9,,22-399,18.1,27-324,12.0,9-37,4.1,,39.0,"42-1,726",26-35,48,,77-591,45,,31:24,,19-5,-2
2024,Texas A&M-Commerce Lions,15.9,159,21,,157,62,76,19,49-146,33.56,7-18,38.89,,,,,,,,,,,,,,,,,,,,32-616,19.3,9-34,3.8,15-343,22.9,,38.9,"63-2,453",5-5,33,,82-757,75,,29:31,,0,22
2024,Texas Southern Tigers,26.7,294,38,,209,108,83,18,51-139,36.69,4-11,36.36,,,,,,,,,,,,,,,,,,,,35-641,18.3,17-223,15.4,5-50,10.0,,34.3,"57-2,064",11-11,13,,95-889,80,,26:49,,0,11
2024,Texas State Bobcats,36.7,477,62,,311,141,149,21,81-184,44.02,21-32,65.63,,287-429,"3,522",8.2,270.9,24,9,30--164,,529,"2,439",4.6,187.6,33,,988,"5,961",458.5,,"39-1,017",26.1,13-100,8.0,11-141,12.8,,38.8,"45-1,836",15-15,22,,95-900,69,,29:10,,21-14,-2
2024,Texas Tech Red Raiders,27.3,355,44,,285,130,135,20,77-194,39.69,24-37,64.87,,284-470,"2,909",6.2,223.8,24,18,24--184,,474,"2,117",4.5,162.8,17,,968,"5,026",386.6,,33-841,25.5,14-261,18.6,13-121,9.3,,41.2,"56-2,548",16-22,62,,70-649,49,,28:45,,11-5,-6
2024,The Citadel Bulldogs,10.0,110,12,,165,78,63,24,52-151,34.44,13-29,44.83,,,,,,,,,,,,,,,,,,,,31-557,18.0,4-0,0.0,6-83,13.8,,42.7,"52-2,221",9-9,23,,61-508,46,,29:29,,0,9
2024,Toledo Rockets,32.3,452,59,,284,117,145,22,79-179,44.13,13-22,59.09,,232-377,"3,089",8.2,220.6,26,10,11--108,,524,"2,778",5.3,198.4,31,,912,"5,867",419.1,,41-868,21.2,20-108,3.9,11-96,8.7,,36.2,"54-2,006",12-15,24,,93-865,61,,27:55,,21-11,-3
2024,Towson Tigers,24.0,264,32,,199,79,104,16,50-142,35.21,14-23,60.87,,,,,,,,,,,,,,,,,,,,43-778,18.1,10-62,6.2,8-67,8.4,,39.9,"49-1,955",15-15,19,,89-779,70,,26:15,,0,18
2024,Troy Trojans,29.6,415,51,,298,107,160,31,78-190,41.05,13-29,44.83,,280-457,"3,724",8.1,266.0,29,6,25--197,,486,"2,148",4.4,153.4,19,,968,"5,872",419.4,,21-413,19.7,17-86,5.1,10-63,6.3,,38.2,"53-2,209",19-24,59,,73-655,46,,30:59,,21-12,5
2024,Tulane Green Wave,26.3,368,44,,257,118,129,10,71-186,38.17,19-32,59.38,,229-368,"3,010",8.2,215.0,25,7,28--159,,527,"2,171",4.1,155.1,16,,923,"5,181",370.1,,27-670,24.8,14-146,10.4,17-138,8.1,,40.6,"49-2,124",21-26,48,,67-600,42,,31:20,,17-13,7
2024,Tulsa Golden Hurricane,23.4,281,33,,238,106,116,16,87-195,44.62,7-16,43.75,,190-334,"2,456",7.4,204.7,20,19,26--182,,527,"2,173",4.1,181.1,13,,887,"4,629",385.8,,15-320,21.3,6-67,11.2,10--1,-0.1,,39.1,"59-2,479",17-20,17,,61-519,43,,29:42,,9-5,-3
2024,UAB Blazers,29.9,359,47,,284,120,143,21,64-159,40.25,13-27,48.15,,306-427,"3,467",8.1,288.9,22,13,32--197,,426,"1,933",4.5,161.1,24,,885,"5,400",450.0,,31-572,18.5,6-60,10.0,10-137,13.7,,38.2,"41-1,755",11-18,21,,80-675,56,,29:14,,13-7,0
2024,UAlbany Great Danes,28.4,426,56,,297,112,159,26,89-204,43.63,12-24,50.00,,,,,,,,,,,,,,,,,,,,28-585,20.9,11-94,8.5,17-225,13.2,,41.3,"63-2,602",13-13,2,,96-907,60,,30:33,,0,28
2024,UC Davis Aggies,25.7,283,35,,232,80,125,27,57-149,38.26,6-16,37.50,,,,,,,,,,,,,,,,,,,,21-461,22.0,23-61,3.1,11-35,3.2,,40.9,"52-2,125",13-13,46,,50-409,37,,31:26,,0,19
2024,UCF Knights,31.2,405,53,,300,147,132,21,83-169,49.11,13-23,56.52,,229-366,"3,364",9.2,258.8,24,11,25--190,,529,"2,967",5.6,228.2,28,,920,"6,331",487.0,,17-370,21.8,17-156,9.2,12-135,11.3,,35.8,"37-1,530",13-21,51,,79-651,50,,28:52,,13-7,-2
2024,UCLA Bruins,26.5,344,46,,278,130,133,15,88-198,44.44,15-32,46.88,,238-410,"2,979",7.3,229.2,24,14,42--259,,527,"2,573",4.9,197.9,21,,979,"5,552",427.1,,21-428,20.4,19-126,6.6,15-108,7.2,,39.5,"48-2,018",8-17,43,,92-755,58,,29:00,,17-8,2
2024,UConn Huskies,19.1,229,29,,216,97,101,18,59-167,35.33,8-21,38.10,,219-381,"2,284",6.0,190.3,12,7,12--93,,395,"1,639",4.1,136.6,15,,788,"3,923",326.9,,33-628,19.0,11-40,3.6,6-45,7.5,,39.3,"61-2,752",10-17,39,,73-645,53,,31:15,,17-10,-4
2024,UL Monroe Warhawks,17.3,208,25,,190,86,87,17,56-173,32.37,9-26,34.62,,177-345,"2,098",6.1,174.8,15,13,35--207,,415,"1,755",4.2,146.3,7,,795,"3,853",321.1,,29-493,17.0,9-96,10.7,11-154,14.0,,38.0,"66-2,693",11-14,55,,71-643,53,,27:02,,14-5,1
2024,UNLV Rebels,34.4,482,58,,284,115,143,26,101-206,49.03,9-20,45.00,,251-404,"3,349",8.3,239.2,17,12,20--119,,538,"2,429",4.5,173.5,39,,962,"5,778",412.7,,"43-1,001",23.3,19-321,16.9,17-110,6.5,,42.1,"51-2,400",26-29,31,,96-865,61,,28:13,,16-7,8
2024,USC Trojans,41.7,542,74,,292,88,182,22,62-143,43.36,11-18,61.11,,314-461,"4,329",9.4,333.0,37,6,33--258,,362,"1,737",4.8,133.6,33,,856,"6,066",466.6,,30-552,18.4,23-380,16.5,7-127,18.1,,40.8,"44-1,906",10-15,33,,95-844,64,,27:38,,23-11,-1
2024,UT Martin Skyhawks,31.6,348,46,,236,100,119,17,69-169,40.83,17-23,73.91,,,,,,,,,,,,,,,,,,,,27-581,21.5,17-91,5.4,8-56,7.0,,46.6,"54-2,516",10-10,65,,73-643,58,,31:11,,0,11
2024,UTEP Miners,19.9,239,30,,220,90,101,29,52-158,32.91,14-31,45.16,,178-330,"2,612",7.9,217.7,13,12,30--193,,447,"1,732",3.9,144.3,16,,807,"4,344",362.0,,13-247,19.0,8-96,12.0,6-86,14.3,,38.3,"52-2,254",10-14,38,,82-706,58,,31:25,,10-6,-6
2024,UTSA Roadrunners,32.1,417,53,,294,133,146,15,92-194,47.42,15-26,57.69,,290-446,"3,248",7.3,249.8,25,14,25--175,,516,"2,233",4.3,171.8,27,,987,"5,481",421.6,,19-319,16.8,17-125,7.4,10-250,25.0,,40.1,"52-2,174",14-17,55,,73-666,51,,30:08,,14-8,-5
2024,Utah Utes,23.2,301,36,,243,131,93,19,81-196,41.33,12-29,41.38,,189-328,"2,156",6.6,165.8,15,11,25--195,,562,"2,373",4.2,182.5,19,,915,"4,529",348.4,,21-425,20.2,24-111,4.6,8-82,10.3,,39.0,"56-2,503",16-20,37,,65-541,41,,34:04,,13-2,2
2024,Utah State Aggies,33.2,431,56,,282,122,132,28,67-186,36.02,18-32,56.25,,269-436,"3,305",7.6,254.2,35,19,44--240,,496,"2,397",4.8,184.4,18,,976,"5,702",438.6,,19-375,19.7,28-259,9.3,10-263,26.3,,36.9,"64-2,728",13-17,43,,97-921,70,,26:51,,9-6,-5
2024,Utah Tech Trailblazers,23.1,254,30,,222,69,128,25,61-156,39.10,5-20,25.00,,,,,,,,,,,,,,,,,,,,10-128,12.8,4--2,-0.5,8-49,6.1,,41.1,"42-1,725",16-16,67,,54-487,44,,27:57,,0,16
2024,VMI Keydets,15.2,167,22,,188,81,88,19,53-156,33.97,4-12,33.33,,,,,,,,,,,,,,,,,,,,28-529,18.9,16-105,6.6,4-41,10.3,,41.8,"69-2,886",6-7,30,,49-480,43,,30:02,,0,11
2024,Valparaiso Beacons,19.0,209,27,,170,57,86,27,44-146,30.14,8-22,36.36,,,,,,,,,,,,,,,,,,,,39-878,22.5,24-163,7.0,3-37,12.3,,40.0,"51-2,159",8-8,50,,68-601,54,,29:00,,0,10
2024,Vanderbilt Commodores,23.0,276,36,,204,69,108,27,52-159,32.70,8-27,29.63,,217-390,"2,684",6.9,223.7,23,12,27--175,,349,"1,144",3.3,95.3,10,,766,"3,828",319.0,,27-545,20.2,16-163,10.2,12-132,11.0,,42.1,"60-2,778",7-10,40,,59-510,42,,28:46,,17-7,-3
2024,Villanova Wildcats,31.9,415,55,,253,140,97,16,65-150,43.33,7-15,46.67,,,,,,,,,,,,,,,,,,,,27-502,18.6,13-48,3.7,13-217,16.7,,42.3,"47-1,986",10-10,17,,70-578,44,,31:42,,0,17
2024,Virginia Cavaliers,23.3,279,32,,252,101,127,24,66-183,36.07,12-20,60.00,,248-396,"3,010",7.6,250.8,19,14,43--269,,454,"1,415",3.1,117.9,12,,893,"4,425",368.8,,20-389,19.5,16-61,3.8,8-80,10.0,,35.8,"66-2,746",18-21,35,,78-663,55,,31:25,,12-6,-6
2024,Virginia Tech Hokies,29.5,384,45,,258,131,109,18,61-175,34.86,17-26,65.39,,205-357,"2,621",7.3,201.6,23,5,24--161,,498,"2,467",5.0,189.8,20,,879,"5,088",391.4,,29-715,24.7,26-289,11.1,7-64,9.1,,40.7,"60-2,588",22-24,70,,82-752,57,,31:09,,24-10,1
2024,Wagner Seahawks,18.5,204,28,,169,75,84,10,48-152,31.58,13-21,61.91,,,,,,,,,,,,,,,,,,,,32-561,17.5,12--23,-1.8,10-126,12.6,,36.4,"66-2,513",5-5,27,,70-556,50,,29:37,,0,13
2024,Wake Forest Demon Deacons,20.3,243,29,,239,105,106,28,55-161,34.16,8-19,42.11,,194-321,"2,368",7.4,197.3,14,11,49--276,,468,"1,565",3.3,130.4,13,,838,"3,933",327.8,,23-528,23.0,16-148,9.3,8-141,17.6,,38.9,"58-2,410",15-22,67,,49-466,38,,29:05,,19-11,-6
2024,Washington Huskies,36.0,540,69,,345,97,218,30,76-173,43.93,14-22,63.64,,376-574,"5,155",9.0,343.7,38,12,12--86,,411,"1,776",4.3,118.4,28,,997,"6,931",462.1,,34-703,20.7,19-184,9.9,16-321,20.1,,40.8,"45-1,878",18-22,48,,"112-1,029",68,,30:09,,17-8,0
2024,Washington State Cougars,32.0,384,50,,271,79,170,22,67-159,42.14,12-26,46.15,,340-510,"4,041",7.9,336.8,27,9,38--249,,342,"1,020",3.0,85.0,17,,890,"5,061",421.8,,22-456,20.7,9-70,7.8,8-162,20.3,,41.8,"47-2,088",10-15,67,,73-597,49,,29:45,,20-12,-6
2024,Weber State Wildcats,24.1,265,32,,171,75,73,23,49-155,31.61,9-26,34.62,,,,,,,,,,,,,,,,,,,,30-784,26.1,26-300,11.5,10-92,9.2,,46.4,"55-2,552",13-13,28,,90-799,72,,27:15,,0,18
2024,West Virginia Mountaineers,31.4,408,51,,289,159,102,28,69-174,39.66,19-36,52.78,,178-332,"2,674",8.1,205.7,18,7,10--63,,565,"2,976",5.3,228.9,32,,907,"5,650",434.6,,19-360,18.9,22-221,10.0,11-170,15.5,,40.8,"45-1,879",17-21,28,,66-603,46,,32:42,,12-7,2
2024,Western Carolina Catamounts,37.4,411,53,,288,108,154,26,57-128,44.53,10-22,45.46,,,,,,,,,,,,,,,,,,,,26-451,17.3,24-261,9.9,9-103,11.4,,39.6,"32-1,266",14-15,26,,75-658,59,,28:16,,0,14
2024,Western Illinois Leathernecks,12.5,138,18,,169,42,98,29,55-164,33.54,10-33,30.30,,,,,,,,,,,,,,,,,,,,36-590,16.4,9-80,10.0,3-14,4.7,,39.1,"57-2,231",6-6,8,,55-438,39,,29:42,,0,11
2024,Western Kentucky Hilltoppers,30.5,396,53,,263,72,169,22,83-191,43.46,16-26,61.54,,343-539,"3,853",7.1,296.4,38,14,13--99,,357,"1,370",3.8,105.4,12,,909,"5,223",401.8,,24-461,19.2,11-40,3.6,15-131,8.7,,37.9,"59-2,403",9-12,62,,59-478,36,,29:32,,16-9,3
2024,Western Michigan Broncos,23.7,284,36,,235,102,107,26,64-179,35.75,19-39,48.72,,247-393,"2,534",6.4,211.2,13,9,30--169,,479,"1,846",3.9,153.8,21,,902,"4,380",365.0,,27-512,19.0,7-64,9.1,9-2,0.2,,33.1,"58-2,239",9-15,36,,86-752,62,,29:55,,16-4,4
2024,William & Mary Tribe,27.0,297,27,,196,108,77,11,61-143,42.66,8-17,47.06,,,,,,,,,,,,,,,,,,,,30-509,17.0,17-39,2.3,10-80,8.0,,41.0,"44-1,803",16-16,12,,66-649,59,,30:57,,0,15
2024,Wisconsin Badgers,23.5,305,37,,260,112,133,15,88-199,44.22,5-20,25.00,,281-469,"2,861",6.1,220.1,14,5,23--155,,454,"2,095",4.6,161.2,22,,946,"4,956",381.2,,25-531,21.2,22-194,8.8,13-171,13.2,,39.1,"63-2,602",15-19,41,,73-625,48,,29:16,,17-12,0
2024,Wofford Terriers,13.8,152,16,,144,65,60,19,35-138,25.36,8-14,57.14,,,,,,,,,,,,,,,,,,,,31-623,20.1,11-54,4.9,9-7,0.8,,39.3,"65-2,552",13-13,33,,82-679,61,,27:56,,0,15
2024,Wyoming Cowboys,24.9,324,40,,242,115,103,24,56-152,36.84,6-9,66.67,,189-304,"2,191",7.2,168.5,20,6,28--177,,468,"2,060",4.4,158.5,19,,800,"4,251",327.0,,14-258,18.4,9-33,3.7,11-120,10.9,,38.4,"61-2,567",14-21,46,,51-435,33,,30:15,,11-5,11
2024,Yale Bulldogs,29.9,299,40,,187,83,92,12,71-145,48.97,7-13,53.85,,,,,,,,,,,,,,,,,,,,12-276,23.0,14-124,8.9,9-217,24.1,,37.0,"44-1,630",7-7,14,,50-412,41,,29:24,,0,15
2024,Youngstown State Penguins,32.0,416,52,,271,113,137,21,71-169,42.01,13-20,65.00,,,,,,,,,,,,,,,,,,,,29-479,16.5,17-122,7.0,8-53,6.6,,43.4,"46-1,996",18-20,12,,82-690,53,,35:05,,0,14
